<?xml version="1.0" encoding="UTF-8"?>
<rss version="2.0" xmlns:ror="http://rorweb.com/0.1/" >
<channel>
  <title>ROR Sitemap for http://nhakhoaapple.com/ by Trương Nguyễn</title>
  <link>http://nhakhoaapple.com/</link>

<item>
     <link>http://nhakhoaapple.com/</link>
     <title>
Nha khoa Apple - CMT8 - TP.HCM</title>
     <description>Nha khoa Apple là trung tâm Nha khoa thẩm mỹ hàng đầu tại Tp.HCM.....Implants, răng sứ, chỉnh nha liên hệ để được bác sĩ tư vấn 08.38533443 - 0903 666 090</description>
     <ror:updatePeriod></ror:updatePeriod>
     <ror:sortOrder>0</ror:sortOrder>
     <ror:resourceOf>sitemap</ror:resourceOf>
</item>
<item>
     <link>http://nhakhoaapple.com/gioi-thieu/</link>
     <title>
Giới thiệu - NHA KHOA APPLE</title>
     <description>
Giới thiệu - NHA KHOA APPLE</description>
     <ror:updatePeriod></ror:updatePeriod>
     <ror:sortOrder>1</ror:sortOrder>
     <ror:resourceOf>sitemap</ror:resourceOf>
</item>
<item>
     <link>http://nhakhoaapple.com/cam-nhan-khach-hang/</link>
     <title>
Cảm nhận khách hàng - NHA KHOA APPLE</title>
     <description>
Cảm nhận khách hàng - NHA KHOA APPLE</description>
     <ror:updatePeriod></ror:updatePeriod>
     <ror:sortOrder>1</ror:sortOrder>
     <ror:resourceOf>sitemap</ror:resourceOf>
</item>
<item>
     <link>http://nhakhoaapple.com/implants/</link>
     <title>
Implant - NHA KHOA APPLE</title>
     <description>
Implant - NHA KHOA APPLE</description>
     <ror:updatePeriod></ror:updatePeriod>
     <ror:sortOrder>1</ror:sortOrder>
     <ror:resourceOf>sitemap</ror:resourceOf>
</item>
<item>
     <link>http://nhakhoaapple.com/rang-su/</link>
     <title>
Răng sứ - NHA KHOA APPLE</title>
     <description>
Răng sứ - NHA KHOA APPLE</description>
     <ror:updatePeriod></ror:updatePeriod>
     <ror:sortOrder>1</ror:sortOrder>
     <ror:resourceOf>sitemap</ror:resourceOf>
</item>
<item>
     <link>http://nhakhoaapple.com/chinh-nha/</link>
     <title>
Chỉnh nha - NHA KHOA APPLE</title>
     <description>
Chỉnh nha - NHA KHOA APPLE</description>
     <ror:updatePeriod></ror:updatePeriod>
     <ror:sortOrder>1</ror:sortOrder>
     <ror:resourceOf>sitemap</ror:resourceOf>
</item>
<item>
     <link>http://nhakhoaapple.com/tay-trang-rang/</link>
     <title>
Tẩy trắng răng - NHA KHOA APPLE</title>
     <description>
Tẩy trắng răng - NHA KHOA APPLE</description>
     <ror:updatePeriod></ror:updatePeriod>
     <ror:sortOrder>1</ror:sortOrder>
     <ror:resourceOf>sitemap</ror:resourceOf>
</item>
<item>
     <link>http://nhakhoaapple.com/dieu-tri-hoi-mieng/</link>
     <title>
Điều trị hôi miệng - NHA KHOA APPLE</title>
     <description>
Điều trị hôi miệng - NHA KHOA APPLE</description>
     <ror:updatePeriod></ror:updatePeriod>
     <ror:sortOrder>1</ror:sortOrder>
     <ror:resourceOf>sitemap</ror:resourceOf>
</item>
<item>
     <link>http://nhakhoaapple.com/rang-gia-thao-lap/</link>
     <title>
Răng giả tháo lắp - NHA KHOA APPLE</title>
     <description>
Răng giả tháo lắp - NHA KHOA APPLE</description>
     <ror:updatePeriod></ror:updatePeriod>
     <ror:sortOrder>1</ror:sortOrder>
     <ror:resourceOf>sitemap</ror:resourceOf>
</item>
<item>
     <link>http://nhakhoaapple.com/chua-tuy/</link>
     <title>
Chửa tủy - NHA KHOA APPLE</title>
     <description>
Chửa tủy - NHA KHOA APPLE</description>
     <ror:updatePeriod></ror:updatePeriod>
     <ror:sortOrder>1</ror:sortOrder>
     <ror:resourceOf>sitemap</ror:resourceOf>
</item>
<item>
     <link>http://nhakhoaapple.com/nho-rang-tieu-phau/</link>
     <title>
Nhổ răng tiểu phẫu</title>
     <description>Với nhiều năm kinh nghiệm hoạt động đến nay, nha khoa thẩm mỹ Apple sẽ là nha khoa đáng tin cậy thực hiện những ca nhổ răng tiểu phẫu an toàn và không đau</description>
     <ror:updatePeriod></ror:updatePeriod>
     <ror:sortOrder>1</ror:sortOrder>
     <ror:resourceOf>sitemap</ror:resourceOf>
</item>
<item>
     <link>http://nhakhoaapple.com/viem-nuou-nha-chu/</link>
     <title>
Viêm nướu nha chu - NHA KHOA APPLE</title>
     <description>
Viêm nướu nha chu - NHA KHOA APPLE</description>
     <ror:updatePeriod></ror:updatePeriod>
     <ror:sortOrder>1</ror:sortOrder>
     <ror:resourceOf>sitemap</ror:resourceOf>
</item>
<item>
     <link>http://nhakhoaapple.com/e-buot-rang/</link>
     <title>
Ê buốt răng - NHA KHOA APPLE</title>
     <description>
Ê buốt răng - NHA KHOA APPLE</description>
     <ror:updatePeriod></ror:updatePeriod>
     <ror:sortOrder>1</ror:sortOrder>
     <ror:resourceOf>sitemap</ror:resourceOf>
</item>
<item>
     <link>http://nhakhoaapple.com/viem-dau-khop-thai-duong-ham/</link>
     <title>
Viêm đau khớp thái dương hàm - NHA KHOA APPLE</title>
     <description>
Viêm đau khớp thái dương hàm - NHA KHOA APPLE</description>
     <ror:updatePeriod></ror:updatePeriod>
     <ror:sortOrder>1</ror:sortOrder>
     <ror:resourceOf>sitemap</ror:resourceOf>
</item>
<item>
     <link>http://nhakhoaapple.com/phong-ngua-sau-rang/</link>
     <title>
Phòng ngừa sâu răng - NHA KHOA APPLE</title>
     <description>
Phòng ngừa sâu răng - NHA KHOA APPLE</description>
     <ror:updatePeriod></ror:updatePeriod>
     <ror:sortOrder>1</ror:sortOrder>
     <ror:resourceOf>sitemap</ror:resourceOf>
</item>
<item>
     <link>http://nhakhoaapple.com/cham-soc-rang-tre-em/</link>
     <title>
Chăm sóc răng trẻ em - NHA KHOA APPLE</title>
     <description>
Chăm sóc răng trẻ em - NHA KHOA APPLE</description>
     <ror:updatePeriod></ror:updatePeriod>
     <ror:sortOrder>1</ror:sortOrder>
     <ror:resourceOf>sitemap</ror:resourceOf>
</item>
<item>
     <link>http://nhakhoaapple.com/cham-soc-rang-nguoi-cao-tuoi/</link>
     <title>
Chăm sóc răng người cao tuổi</title>
     <description>Chăm sóc răng người cao tuổi là vấn đề cần được quan tâm, vì không ít người cao tuổi quan niệm sai lầm rằng khi già thì răng phải rụng</description>
     <ror:updatePeriod></ror:updatePeriod>
     <ror:sortOrder>1</ror:sortOrder>
     <ror:resourceOf>sitemap</ror:resourceOf>
</item>
<item>
     <link>http://nhakhoaapple.com/cham-soc-rang-thai-phu/</link>
     <title>
Chăm sóc răng thai phụ - NHA KHOA APPLE</title>
     <description>
Chăm sóc răng thai phụ - NHA KHOA APPLE</description>
     <ror:updatePeriod></ror:updatePeriod>
     <ror:sortOrder>1</ror:sortOrder>
     <ror:resourceOf>sitemap</ror:resourceOf>
</item>
<item>
     <link>http://nhakhoaapple.com/bang-gia/</link>
     <title>
Bảng giá nha khoa</title>
     <description>Nha khoa Apple mong muốn đem đến cho Quý Khách những gì tốt đẹp nhất. Với bảng giá hợp lý, mọi người đều có thể an tâm, tin tưởng khi điều trị tại đây</description>
     <ror:updatePeriod></ror:updatePeriod>
     <ror:sortOrder>1</ror:sortOrder>
     <ror:resourceOf>sitemap</ror:resourceOf>
</item>
<item>
     <link>http://nhakhoaapple.com/thiet-bi-2/</link>
     <title>
Thiết bị</title>
     <description>Nha khoa Apple đầu tư trang thiết bị, máy móc tân tiến, đạt chuẩn quốc tế. Áp dụng công nghệ, kỹ thuật hiện đại vào việc điều trị để có chất lượng tốt nhất</description>
     <ror:updatePeriod></ror:updatePeriod>
     <ror:sortOrder>1</ror:sortOrder>
     <ror:resourceOf>sitemap</ror:resourceOf>
</item>
<item>
     <link>http://nhakhoaapple.com/thong-tin-y-te/</link>
     <title>
Thông tin y tế</title>
     <description>Thông tin y tế của nha khoa Apple là nơi để mọi người bổ sung những kiến thức răng miệng, nha khoa và những vấn đề mà chúng ta không biết về răng miệng.</description>
     <ror:updatePeriod></ror:updatePeriod>
     <ror:sortOrder>1</ror:sortOrder>
     <ror:resourceOf>sitemap</ror:resourceOf>
</item>
<item>
     <link>http://nhakhoaapple.com/thu-vien-anh/</link>
     <title>
Thư viện ảnh</title>
     <description>Thư viện ảnh nha khoa - Nha khoa Apple chuyên điều trị chỉnh nha, cấy ghép implant, răng giả tháo lắp và phục hình răng sứ thẩm mỹ.</description>
     <ror:updatePeriod></ror:updatePeriod>
     <ror:sortOrder>1</ror:sortOrder>
     <ror:resourceOf>sitemap</ror:resourceOf>
</item>
<item>
     <link>http://nhakhoaapple.com/lien-he/</link>
     <title>
Contact Us - NHA KHOA APPLE</title>
     <description>
Contact Us - NHA KHOA APPLE</description>
     <ror:updatePeriod></ror:updatePeriod>
     <ror:sortOrder>1</ror:sortOrder>
     <ror:resourceOf>sitemap</ror:resourceOf>
</item>
<item>
     <link>http://nhakhoaapple.com/author/songle/</link>
     <title>
Nha Khoa Apple, Author at NHA KHOA APPLE</title>
     <description>
Nha Khoa Apple, Author at NHA KHOA APPLE</description>
     <ror:updatePeriod></ror:updatePeriod>
     <ror:sortOrder>1</ror:sortOrder>
     <ror:resourceOf>sitemap</ror:resourceOf>
</item>
<item>
     <link>http://nhakhoaapple.com/category/dich-vu-dieu-tri/</link>
     <title>
Dịch vụ điều trị Archives - NHA KHOA APPLE</title>
     <description>
Dịch vụ điều trị Archives - NHA KHOA APPLE</description>
     <ror:updatePeriod></ror:updatePeriod>
     <ror:sortOrder>1</ror:sortOrder>
     <ror:resourceOf>sitemap</ror:resourceOf>
</item>
<item>
     <link>http://nhakhoaapple.com/tag/cham-soc-rang-nguoi-cao-tuoi/</link>
     <title>
Chăm sóc răng người cao tuổi Archives - NHA KHOA APPLE</title>
     <description>
Chăm sóc răng người cao tuổi Archives - NHA KHOA APPLE</description>
     <ror:updatePeriod></ror:updatePeriod>
     <ror:sortOrder>1</ror:sortOrder>
     <ror:resourceOf>sitemap</ror:resourceOf>
</item>
<item>
     <link>http://nhakhoaapple.com/tag/cham-soc-rang-nguoi-cao-tuoi-nhu-the-nao/</link>
     <title>
Chăm sóc răng người cao tuổi như thế nào Archives - NHA KHOA APPLE</title>
     <description>
Chăm sóc răng người cao tuổi như thế nào Archives - NHA KHOA APPLE</description>
     <ror:updatePeriod></ror:updatePeriod>
     <ror:sortOrder>1</ror:sortOrder>
     <ror:resourceOf>sitemap</ror:resourceOf>
</item>
<item>
     <link>http://nhakhoaapple.com/nhung-benh-thuong-gap-nhat-ve-rang-mieng-va-cach-phong-benh/</link>
     <title>
Những bệnh thường gặp nhất về răng miệng và cách phòng bệnh</title>
     <description>Sâu răng, hôi miệng, viêm lợi... là một trong những bệnh hay gặp về răng miệng, không chỉ gây đau đớn mà còn ảnh hưởng nghiêm trọng trong giao tiếp của bạn</description>
     <ror:updatePeriod></ror:updatePeriod>
     <ror:sortOrder>1</ror:sortOrder>
     <ror:resourceOf>sitemap</ror:resourceOf>
</item>
<item>
     <link>http://nhakhoaapple.com/tag/cach-phong-benh-rang-mieng/</link>
     <title>
cách phòng bệnh răng miệng Archives - NHA KHOA APPLE</title>
     <description>
cách phòng bệnh răng miệng Archives - NHA KHOA APPLE</description>
     <ror:updatePeriod></ror:updatePeriod>
     <ror:sortOrder>1</ror:sortOrder>
     <ror:resourceOf>sitemap</ror:resourceOf>
</item>
<item>
     <link>http://nhakhoaapple.com/tag/phong-benh-rang-mieng/</link>
     <title>
phòng bệnh răng miệng Archives - NHA KHOA APPLE</title>
     <description>
phòng bệnh răng miệng Archives - NHA KHOA APPLE</description>
     <ror:updatePeriod></ror:updatePeriod>
     <ror:sortOrder>1</ror:sortOrder>
     <ror:resourceOf>sitemap</ror:resourceOf>
</item>
<item>
     <link>http://nhakhoaapple.com/category/thong-tin-y-te/</link>
     <title>
Thông tin y tế Archives - NHA KHOA APPLE</title>
     <description>
Thông tin y tế Archives - NHA KHOA APPLE</description>
     <ror:updatePeriod></ror:updatePeriod>
     <ror:sortOrder>1</ror:sortOrder>
     <ror:resourceOf>sitemap</ror:resourceOf>
</item>
<item>
     <link>http://nhakhoaapple.com/cam-nang-cham-soc-rang-mieng-cho-tre-de-dang-hon/</link>
     <title>
Cẩm nang chăm sóc răng miệng cho trẻ dễ dàng hơn</title>
     <description>Chăm sóc răng sữa là hoàn toàn cần thiết. Răng sữa không tồn tại mãi nhưng răng sữa có tầm quan trọng đến hàm răng sau này của bé vì răng sữa là không gian</description>
     <ror:updatePeriod></ror:updatePeriod>
     <ror:sortOrder>1</ror:sortOrder>
     <ror:resourceOf>sitemap</ror:resourceOf>
</item>
<item>
     <link>http://nhakhoaapple.com/tag/phong-ngua-sau-rang/</link>
     <title>
phòng ngừa sâu răng Archives - NHA KHOA APPLE</title>
     <description>
phòng ngừa sâu răng Archives - NHA KHOA APPLE</description>
     <ror:updatePeriod></ror:updatePeriod>
     <ror:sortOrder>1</ror:sortOrder>
     <ror:resourceOf>sitemap</ror:resourceOf>
</item>
<item>
     <link>http://nhakhoaapple.com/gioi-thieu-dich-vu-cay-ghep-rang-implant/</link>
     <title>
Giới thiệu dịch vụ cấy ghép răng Implant Nha Khoa Apple - NHA KHOA APPLE</title>
     <description>
Giới thiệu dịch vụ cấy ghép răng Implant Nha Khoa Apple - NHA KHOA APPLE</description>
     <ror:updatePeriod></ror:updatePeriod>
     <ror:sortOrder>2</ror:sortOrder>
     <ror:resourceOf>sitemap</ror:resourceOf>
</item>
<item>
     <link>http://nhakhoaapple.com/category/implant/</link>
     <title>
implant Archives - NHA KHOA APPLE</title>
     <description>
implant Archives - NHA KHOA APPLE</description>
     <ror:updatePeriod></ror:updatePeriod>
     <ror:sortOrder>2</ror:sortOrder>
     <ror:resourceOf>sitemap</ror:resourceOf>
</item>
<item>
     <link>http://nhakhoaapple.com/implant/</link>
     <title>
Implant</title>
     <description>
Implant</description>
     <ror:updatePeriod></ror:updatePeriod>
     <ror:sortOrder>2</ror:sortOrder>
     <ror:resourceOf>sitemap</ror:resourceOf>
</item>
<item>
     <link>http://nhakhoaapple.com/tag/implant/</link>
     <title>
implant Archives - NHA KHOA APPLE</title>
     <description>
implant Archives - NHA KHOA APPLE</description>
     <ror:updatePeriod></ror:updatePeriod>
     <ror:sortOrder>2</ror:sortOrder>
     <ror:resourceOf>sitemap</ror:resourceOf>
</item>
<item>
     <link>http://nhakhoaapple.com/category/treatment-services/</link>
     <title>
Treatment Services Archives - NHA KHOA APPLE</title>
     <description>
Treatment Services Archives - NHA KHOA APPLE</description>
     <ror:updatePeriod></ror:updatePeriod>
     <ror:sortOrder>2</ror:sortOrder>
     <ror:resourceOf>sitemap</ror:resourceOf>
</item>
<item>
     <link>http://nhakhoaapple.com/hello-world/</link>
     <title>
Hello world! - NHA KHOA APPLE</title>
     <description>
Hello world! - NHA KHOA APPLE</description>
     <ror:updatePeriod></ror:updatePeriod>
     <ror:sortOrder>2</ror:sortOrder>
     <ror:resourceOf>sitemap</ror:resourceOf>
</item>
<item>
     <link>http://nhakhoaapple.com/ps-bao-ve-nu-cuoi-viet-nam-don-nam-hoc/</link>
     <title>
P/S Bảo vệ nụ cười Việt Nam đón năm học</title>
     <description>Chương trình do P/S Bảo Vệ Nụ Cười Việt Nam, nhãn hàng P/S, Công ty TNHH Quốc tế Unilever Việt Nam, phối hợp cùng Bộ Y Tế, Bộ Giáo dục và Đào tạo tổ chức</description>
     <ror:updatePeriod></ror:updatePeriod>
     <ror:sortOrder>2</ror:sortOrder>
     <ror:resourceOf>sitemap</ror:resourceOf>
</item>
<item>
     <link>http://nhakhoaapple.com/tag/cham-soc-rang-nguoi-cao-tuoi-en/</link>
     <title>
Chăm sóc răng người cao tuổi @en Archives - NHA KHOA APPLE</title>
     <description>
Chăm sóc răng người cao tuổi @en Archives - NHA KHOA APPLE</description>
     <ror:updatePeriod></ror:updatePeriod>
     <ror:sortOrder>2</ror:sortOrder>
     <ror:resourceOf>sitemap</ror:resourceOf>
</item>
<item>
     <link>http://nhakhoaapple.com/tag/cham-soc-rang-nguoi-cao-tuoi-nhu-the-nao-en/</link>
     <title>
Chăm sóc răng người cao tuổi như thế nào @en Archives - NHA KHOA APPLE</title>
     <description>
Chăm sóc răng người cao tuổi như thế nào @en Archives - NHA KHOA APPLE</description>
     <ror:updatePeriod></ror:updatePeriod>
     <ror:sortOrder>2</ror:sortOrder>
     <ror:resourceOf>sitemap</ror:resourceOf>
</item>
<item>
     <link>http://nhakhoaapple.com/nha-khoa-phu-tho-khai-truong-chi-nhanh-tai-quan-1/</link>
     <title>
Nha Khoa Apple khai trương chi nhánh tại quận 1 - NHA KHOA APPLE</title>
     <description>
Nha Khoa Apple khai trương chi nhánh tại quận 1 - NHA KHOA APPLE</description>
     <ror:updatePeriod></ror:updatePeriod>
     <ror:sortOrder>2</ror:sortOrder>
     <ror:resourceOf>sitemap</ror:resourceOf>
</item>
<item>
     <link>http://nhakhoaapple.com/cach-chua-tri-e-buot-rang-vo-cung-hieu-qua/</link>
     <title>
Cách chữa trị ê buốt răng vô cùng hiệu quả</title>
     <description>Ê buốt răng làm bạn ăn uống không ngon miệng, chán ăn… Bạn đã làm nhiều cách nhưng ê buốt răng vẫn không khỏi, bạn đừng lo lắng nữa</description>
     <ror:updatePeriod></ror:updatePeriod>
     <ror:sortOrder>2</ror:sortOrder>
     <ror:resourceOf>sitemap</ror:resourceOf>
</item>
<item>
     <link>http://nhakhoaapple.com/tag/e-buot-rang/</link>
     <title>
ê buốt răng Archives - NHA KHOA APPLE</title>
     <description>
ê buốt răng Archives - NHA KHOA APPLE</description>
     <ror:updatePeriod></ror:updatePeriod>
     <ror:sortOrder>2</ror:sortOrder>
     <ror:resourceOf>sitemap</ror:resourceOf>
</item>
<item>
     <link>http://nhakhoaapple.com/lam-the-nao-de-phong-ngua-sau-rang-hieu-qua-nhat/</link>
     <title>
Làm thế nào để phòng ngừa sâu răng hiệu quả nhất ?</title>
     <description>Sâu răng là một bệnh rất phổ biến, có thể gặp ở mọi lứa tuổi. Nếu không chăm sóc răng cẩn thận và phòng ngừa sâu răng bạn có thể bị sâu răng bất cứ lúc...</description>
     <ror:updatePeriod></ror:updatePeriod>
     <ror:sortOrder>2</ror:sortOrder>
     <ror:resourceOf>sitemap</ror:resourceOf>
</item>
<item>
     <link>http://nhakhoaapple.com/tag/ngua-sau-rang-hieu-qua/</link>
     <title>
ngừa sâu răng hiệu quả Archives - NHA KHOA APPLE</title>
     <description>
ngừa sâu răng hiệu quả Archives - NHA KHOA APPLE</description>
     <ror:updatePeriod></ror:updatePeriod>
     <ror:sortOrder>2</ror:sortOrder>
     <ror:resourceOf>sitemap</ror:resourceOf>
</item>
<item>
     <link>http://nhakhoaapple.com/nhung-loai-thuc-pham-de-gay-benh-sau-rang/</link>
     <title>
Những loại thực phẩm dễ gây bệnh sâu răng</title>
     <description>Dưới đây là một số thực phẩm được coi là kẻ thù của răng. Bạn hãy nên lưu ý đến những thực phẩm sau đây để phòng ngừa sâu răng nhé.</description>
     <ror:updatePeriod></ror:updatePeriod>
     <ror:sortOrder>2</ror:sortOrder>
     <ror:resourceOf>sitemap</ror:resourceOf>
</item>
<item>
     <link>http://nhakhoaapple.com/tag/loai-thuc-pham-gay-sau-rang/</link>
     <title>
loại thực phẩm gây sâu răng Archives - NHA KHOA APPLE</title>
     <description>
loại thực phẩm gây sâu răng Archives - NHA KHOA APPLE</description>
     <ror:updatePeriod></ror:updatePeriod>
     <ror:sortOrder>2</ror:sortOrder>
     <ror:resourceOf>sitemap</ror:resourceOf>
</item>
<item>
     <link>http://nhakhoaapple.com/tag/thuc-pham-de-gay-sau-rang/</link>
     <title>
thực phẩm dễ gây sâu răng Archives - NHA KHOA APPLE</title>
     <description>
thực phẩm dễ gây sâu răng Archives - NHA KHOA APPLE</description>
     <ror:updatePeriod></ror:updatePeriod>
     <ror:sortOrder>2</ror:sortOrder>
     <ror:resourceOf>sitemap</ror:resourceOf>
</item>
<item>
     <link>http://nhakhoaapple.com/nhung-cau-hoi-thuong-gap-ve-chinh-nha/</link>
     <title>
Những câu hỏi thường gặp về chỉnh nha</title>
     <description>Có khá nhiều câu hỏi liên quan đến chỉnh nha, hãy cùng tìm hiểu với nha khoa Apple các bạn nhé!</description>
     <ror:updatePeriod></ror:updatePeriod>
     <ror:sortOrder>2</ror:sortOrder>
     <ror:resourceOf>sitemap</ror:resourceOf>
</item>
<item>
     <link>http://nhakhoaapple.com/tag/chinh-nha-nieng-rang/</link>
     <title>
chỉnh nha niềng răng Archives - NHA KHOA APPLE</title>
     <description>
chỉnh nha niềng răng Archives - NHA KHOA APPLE</description>
     <ror:updatePeriod></ror:updatePeriod>
     <ror:sortOrder>2</ror:sortOrder>
     <ror:resourceOf>sitemap</ror:resourceOf>
</item>
<item>
     <link>http://nhakhoaapple.com/tag/dieu-tri-chinh-nha/</link>
     <title>
điều trị chỉnh nha Archives - NHA KHOA APPLE</title>
     <description>
điều trị chỉnh nha Archives - NHA KHOA APPLE</description>
     <ror:updatePeriod></ror:updatePeriod>
     <ror:sortOrder>2</ror:sortOrder>
     <ror:resourceOf>sitemap</ror:resourceOf>
</item>
<item>
     <link>http://nhakhoaapple.com/tag/tu-van-chinh-nha/</link>
     <title>
tư vấn chỉnh nha Archives - NHA KHOA APPLE</title>
     <description>
tư vấn chỉnh nha Archives - NHA KHOA APPLE</description>
     <ror:updatePeriod></ror:updatePeriod>
     <ror:sortOrder>2</ror:sortOrder>
     <ror:resourceOf>sitemap</ror:resourceOf>
</item>
<item>
     <link>http://nhakhoaapple.com/nhung-tai-bien-xay-ra-khi-trong-rang-su/</link>
     <title>
Những tai biến xảy ra khi trồng răng sứ</title>
     <description>Lợi ích của trồng răng sứ không ai có thể phủ nhận nhưng đó là khi được tiến hành theo kĩ thuật vậy thì khi trồng răng sứ sai cách sẽ gây hệ quả gì?</description>
     <ror:updatePeriod></ror:updatePeriod>
     <ror:sortOrder>2</ror:sortOrder>
     <ror:resourceOf>sitemap</ror:resourceOf>
</item>
<item>
     <link>http://nhakhoaapple.com/chinh-nha-co-dau-khong/</link>
     <title>
Chỉnh nha có đau không?</title>
     <description>Chỉnh nha giúp ta có hàm răng thẳng đều và chỉnh sửa lại các sai khớp cũng như ngăn ngừa những biến chứng do chỉnh nha gây ra. Vậy chỉnh nha có đau không?</description>
     <ror:updatePeriod></ror:updatePeriod>
     <ror:sortOrder>2</ror:sortOrder>
     <ror:resourceOf>sitemap</ror:resourceOf>
</item>
<item>
     <link>http://nhakhoaapple.com/tag/gia-chinh-nha/</link>
     <title>
giá chỉnh nha Archives - NHA KHOA APPLE</title>
     <description>
giá chỉnh nha Archives - NHA KHOA APPLE</description>
     <ror:updatePeriod></ror:updatePeriod>
     <ror:sortOrder>2</ror:sortOrder>
     <ror:resourceOf>sitemap</ror:resourceOf>
</item>
<item>
     <link>http://nhakhoaapple.com/tag/nieng-rang-co-dau-khong/</link>
     <title>
niềng răng có đau không Archives - NHA KHOA APPLE</title>
     <description>
niềng răng có đau không Archives - NHA KHOA APPLE</description>
     <ror:updatePeriod></ror:updatePeriod>
     <ror:sortOrder>2</ror:sortOrder>
     <ror:resourceOf>sitemap</ror:resourceOf>
</item>
<item>
     <link>http://nhakhoaapple.com/cay-ghep-implant-co-dau-khong/</link>
     <title>
Cấy ghép Implant có đau không?</title>
     <description>Cấy ghép Implant có đau không? là câu hỏi của rất nhiều người khi trước quyết định tiến hành cấy ghép.</description>
     <ror:updatePeriod></ror:updatePeriod>
     <ror:sortOrder>2</ror:sortOrder>
     <ror:resourceOf>sitemap</ror:resourceOf>
</item>
<item>
     <link>http://nhakhoaapple.com/tag/cay-ghep-implant-co-tot-khong/</link>
     <title>
cấy ghép Implant có tốt không Archives - NHA KHOA APPLE</title>
     <description>
cấy ghép Implant có tốt không Archives - NHA KHOA APPLE</description>
     <ror:updatePeriod></ror:updatePeriod>
     <ror:sortOrder>2</ror:sortOrder>
     <ror:resourceOf>sitemap</ror:resourceOf>
</item>
<item>
     <link>http://nhakhoaapple.com/tag/cay-ghep-implant-gia-bao-nhieu/</link>
     <title>
cấy ghép Implant giá bao nhiêu Archives - NHA KHOA APPLE</title>
     <description>
cấy ghép Implant giá bao nhiêu Archives - NHA KHOA APPLE</description>
     <ror:updatePeriod></ror:updatePeriod>
     <ror:sortOrder>2</ror:sortOrder>
     <ror:resourceOf>sitemap</ror:resourceOf>
</item>
<item>
     <link>http://nhakhoaapple.com/tag/quy-trinh-cay-ghep-implant/</link>
     <title>
quy trình cấy ghép implant Archives - NHA KHOA APPLE</title>
     <description>
quy trình cấy ghép implant Archives - NHA KHOA APPLE</description>
     <ror:updatePeriod></ror:updatePeriod>
     <ror:sortOrder>2</ror:sortOrder>
     <ror:resourceOf>sitemap</ror:resourceOf>
</item>
<item>
     <link>http://nhakhoaapple.com/nhung-dieu-ve-implant-ma-ban-chua-biet/</link>
     <title>
Những điều về Implant mà bạn chưa biết</title>
     <description>Sau đây là những điều về Implant mà bạn chưa biết. Hãy cùng nha khoa Apple tìm hiểu nhé!</description>
     <ror:updatePeriod></ror:updatePeriod>
     <ror:sortOrder>2</ror:sortOrder>
     <ror:resourceOf>sitemap</ror:resourceOf>
</item>
<item>
     <link>http://nhakhoaapple.com/tag/cam-ghep-implant/</link>
     <title>
cắm ghép Implant Archives - NHA KHOA APPLE</title>
     <description>
cắm ghép Implant Archives - NHA KHOA APPLE</description>
     <ror:updatePeriod></ror:updatePeriod>
     <ror:sortOrder>2</ror:sortOrder>
     <ror:resourceOf>sitemap</ror:resourceOf>
</item>
<item>
     <link>http://nhakhoaapple.com/tag/implant-gia-bao-nhieu/</link>
     <title>
Implant gia bao nhieu Archives - NHA KHOA APPLE</title>
     <description>
Implant gia bao nhieu Archives - NHA KHOA APPLE</description>
     <ror:updatePeriod></ror:updatePeriod>
     <ror:sortOrder>2</ror:sortOrder>
     <ror:resourceOf>sitemap</ror:resourceOf>
</item>
<item>
     <link>http://nhakhoaapple.com/tag/implant-nha-khoa-la-gi-sau-day-la-nhung-dieu-ve-implant/</link>
     <title>
Implant nha khoa là gì Sau đây là những điều về Implant Archives - NHA KHOA APPLE</title>
     <description>
Implant nha khoa là gì Sau đây là những điều về Implant Archives - NHA KHOA APPLE</description>
     <ror:updatePeriod></ror:updatePeriod>
     <ror:sortOrder>2</ror:sortOrder>
     <ror:resourceOf>sitemap</ror:resourceOf>
</item>
<item>
     <link>http://nhakhoaapple.com/nhung-dieu-can-luu-y-khi-tay-trang-rang/</link>
     <title>
Những điều cần lưu ý khi tẩy trắng răng</title>
     <description>Công nghệ tẩy trắng răng ra đời, được xem như một phương pháp cải thiện thẩm mỹ hiệu quả, đáng tin cậy.</description>
     <ror:updatePeriod></ror:updatePeriod>
     <ror:sortOrder>2</ror:sortOrder>
     <ror:resourceOf>sitemap</ror:resourceOf>
</item>
<item>
     <link>http://nhakhoaapple.com/tag/nhung-dieu-can-luu-y-khi-tay-trang-rang/</link>
     <title>
những điều cần lưu ý khi tẩy trắng răng Archives - NHA KHOA APPLE</title>
     <description>
những điều cần lưu ý khi tẩy trắng răng Archives - NHA KHOA APPLE</description>
     <ror:updatePeriod></ror:updatePeriod>
     <ror:sortOrder>2</ror:sortOrder>
     <ror:resourceOf>sitemap</ror:resourceOf>
</item>
<item>
     <link>http://nhakhoaapple.com/tag/tay-trang-rang-bang-den-plasma/</link>
     <title>
tẩy trắng răng bằng đèn plasma Archives - NHA KHOA APPLE</title>
     <description>
tẩy trắng răng bằng đèn plasma Archives - NHA KHOA APPLE</description>
     <ror:updatePeriod></ror:updatePeriod>
     <ror:sortOrder>2</ror:sortOrder>
     <ror:resourceOf>sitemap</ror:resourceOf>
</item>
<item>
     <link>http://nhakhoaapple.com/tag/tay-trang-rang-gia-bao-nhieu/</link>
     <title>
tẩy trắng răng giá bao nhiêu Archives - NHA KHOA APPLE</title>
     <description>
tẩy trắng răng giá bao nhiêu Archives - NHA KHOA APPLE</description>
     <ror:updatePeriod></ror:updatePeriod>
     <ror:sortOrder>2</ror:sortOrder>
     <ror:resourceOf>sitemap</ror:resourceOf>
</item>
<item>
     <link>http://nhakhoaapple.com/5-thoi-quen-anh-huong-xau-toi-rang-mieng/</link>
     <title>
5 thói quen ảnh hưởng xấu tới răng miệng</title>
     <description>Đôi khi, một số thói quen ảnh hưởng xấu tới răng miệng. Việc từ bỏ các thói quen dưới đây sẽ giúp duy trì một sức khỏe răng miệng tốt hơn.</description>
     <ror:updatePeriod></ror:updatePeriod>
     <ror:sortOrder>2</ror:sortOrder>
     <ror:resourceOf>sitemap</ror:resourceOf>
</item>
<item>
     <link>http://nhakhoaapple.com/tag/khoe-dep/</link>
     <title>
khỏe đẹp Archives - NHA KHOA APPLE</title>
     <description>
khỏe đẹp Archives - NHA KHOA APPLE</description>
     <ror:updatePeriod></ror:updatePeriod>
     <ror:sortOrder>2</ror:sortOrder>
     <ror:resourceOf>sitemap</ror:resourceOf>
</item>
<item>
     <link>http://nhakhoaapple.com/tag/rang-mieng/</link>
     <title>
răng miệng Archives - NHA KHOA APPLE</title>
     <description>
răng miệng Archives - NHA KHOA APPLE</description>
     <ror:updatePeriod></ror:updatePeriod>
     <ror:sortOrder>2</ror:sortOrder>
     <ror:resourceOf>sitemap</ror:resourceOf>
</item>
<item>
     <link>http://nhakhoaapple.com/tag/song-khoe/</link>
     <title>
sống khỏe Archives - NHA KHOA APPLE</title>
     <description>
sống khỏe Archives - NHA KHOA APPLE</description>
     <ror:updatePeriod></ror:updatePeriod>
     <ror:sortOrder>2</ror:sortOrder>
     <ror:resourceOf>sitemap</ror:resourceOf>
</item>
<item>
     <link>http://nhakhoaapple.com/tag/thoi-quen-anh-huong-xau-toi-rang-mieng/</link>
     <title>
thói quen ảnh hưởng xấu tới răng miệng Archives - NHA KHOA APPLE</title>
     <description>
thói quen ảnh hưởng xấu tới răng miệng Archives - NHA KHOA APPLE</description>
     <ror:updatePeriod></ror:updatePeriod>
     <ror:sortOrder>2</ror:sortOrder>
     <ror:resourceOf>sitemap</ror:resourceOf>
</item>
<item>
     <link>http://nhakhoaapple.com/chinh-nha-cho-nguoi-truong-thanh/</link>
     <title>
Chỉnh nha (niềng răng) cho người trưởng thành</title>
     <description>Người trưởng thành đều có thể điều trị chỉnh nha đạt kết quả mỹ mãn. Quá trình điều trị chỉnh nha cho người trưởng thành đòi hỏi thời gian điều trị lâu dài</description>
     <ror:updatePeriod></ror:updatePeriod>
     <ror:sortOrder>2</ror:sortOrder>
     <ror:resourceOf>sitemap</ror:resourceOf>
</item>
<item>
     <link>http://nhakhoaapple.com/tag/chinh-nha-invisalign/</link>
     <title>
chỉnh nha invisalign Archives - NHA KHOA APPLE</title>
     <description>
chỉnh nha invisalign Archives - NHA KHOA APPLE</description>
     <ror:updatePeriod></ror:updatePeriod>
     <ror:sortOrder>2</ror:sortOrder>
     <ror:resourceOf>sitemap</ror:resourceOf>
</item>
<item>
     <link>http://nhakhoaapple.com/tag/chinh-nha-mac-cai-su/</link>
     <title>
chỉnh nha mắc cài sứ Archives - NHA KHOA APPLE</title>
     <description>
chỉnh nha mắc cài sứ Archives - NHA KHOA APPLE</description>
     <ror:updatePeriod></ror:updatePeriod>
     <ror:sortOrder>2</ror:sortOrder>
     <ror:resourceOf>sitemap</ror:resourceOf>
</item>
<item>
     <link>http://nhakhoaapple.com/tag/chinh-nha-tham-my/</link>
     <title>
chỉnh nha thẩm mỹ Archives - NHA KHOA APPLE</title>
     <description>
chỉnh nha thẩm mỹ Archives - NHA KHOA APPLE</description>
     <ror:updatePeriod></ror:updatePeriod>
     <ror:sortOrder>2</ror:sortOrder>
     <ror:resourceOf>sitemap</ror:resourceOf>
</item>
<item>
     <link>http://nhakhoaapple.com/tag/chinh-nha-thao-lap/</link>
     <title>
chỉnh nha tháo lắp Archives - NHA KHOA APPLE</title>
     <description>
chỉnh nha tháo lắp Archives - NHA KHOA APPLE</description>
     <ror:updatePeriod></ror:updatePeriod>
     <ror:sortOrder>2</ror:sortOrder>
     <ror:resourceOf>sitemap</ror:resourceOf>
</item>
<item>
     <link>http://nhakhoaapple.com/nhung-luu-y-khi-cay-ghep-implant/</link>
     <title>
Những lưu ý khi cấy ghép Implant</title>
     <description>Vậy để có chiếc răng cấy ghép Implant thành công và sử dụng lâu dài ta cần lưu ý những gì ?</description>
     <ror:updatePeriod></ror:updatePeriod>
     <ror:sortOrder>2</ror:sortOrder>
     <ror:resourceOf>sitemap</ror:resourceOf>
</item>
<item>
     <link>http://nhakhoaapple.com/tag/loi-khuyen-sau-khi-cay-ghep-implant/</link>
     <title>
Lời khuyên sau khi cấy ghép Implant Archives - NHA KHOA APPLE</title>
     <description>
Lời khuyên sau khi cấy ghép Implant Archives - NHA KHOA APPLE</description>
     <ror:updatePeriod></ror:updatePeriod>
     <ror:sortOrder>2</ror:sortOrder>
     <ror:resourceOf>sitemap</ror:resourceOf>
</item>
<item>
     <link>http://nhakhoaapple.com/tag/luu-y-truoc-khi-cay-ghep-implant/</link>
     <title>
Lưu ý trước khi cấy ghép Implant Archives - NHA KHOA APPLE</title>
     <description>
Lưu ý trước khi cấy ghép Implant Archives - NHA KHOA APPLE</description>
     <ror:updatePeriod></ror:updatePeriod>
     <ror:sortOrder>2</ror:sortOrder>
     <ror:resourceOf>sitemap</ror:resourceOf>
</item>
<item>
     <link>http://nhakhoaapple.com/tag/nhung-luu-y-khi-cay-ghep-implant/</link>
     <title>
Những lưu ý khi cấy ghép Implant Archives - NHA KHOA APPLE</title>
     <description>
Những lưu ý khi cấy ghép Implant Archives - NHA KHOA APPLE</description>
     <ror:updatePeriod></ror:updatePeriod>
     <ror:sortOrder>2</ror:sortOrder>
     <ror:resourceOf>sitemap</ror:resourceOf>
</item>
<item>
     <link>http://nhakhoaapple.com/trong-rang-su-vinh-vien/</link>
     <title>
Trồng răng sứ vĩnh viễn</title>
     <description>Có mấy phương pháp trồng răng sứ vĩnh viễn ? Sau đây bạn hãy cùng nha khoa Apple chúng tôi tìm hiếu thêm nhé.</description>
     <ror:updatePeriod></ror:updatePeriod>
     <ror:sortOrder>2</ror:sortOrder>
     <ror:resourceOf>sitemap</ror:resourceOf>
</item>
<item>
     <link>http://nhakhoaapple.com/tag/phuong-phap-trong-rang-su-vinh-vien/</link>
     <title>
phương pháp trồng răng sứ vĩnh viễn Archives - NHA KHOA APPLE</title>
     <description>
phương pháp trồng răng sứ vĩnh viễn Archives - NHA KHOA APPLE</description>
     <ror:updatePeriod></ror:updatePeriod>
     <ror:sortOrder>2</ror:sortOrder>
     <ror:resourceOf>sitemap</ror:resourceOf>
</item>
<item>
     <link>http://nhakhoaapple.com/cac-benh-viem-nuou-nha-chu-o-tre-em/</link>
     <title>
Các bệnh viêm nướu nha chu ở trẻ em</title>
     <description>Các bệnh viêm nướu nha chu ở trẻ em là gì và chúng biểu hiện như thế nào ? Cùng nha khoa Apple tìm hiểu các bệnh lý này</description>
     <ror:updatePeriod></ror:updatePeriod>
     <ror:sortOrder>2</ror:sortOrder>
     <ror:resourceOf>sitemap</ror:resourceOf>
</item>
<item>
     <link>http://nhakhoaapple.com/chinh-nha-va-nhung-luu-y-khi-cham-soc-tai-gia/</link>
     <title>
Chỉnh nha và những lưu ý khi chăm sóc tại gia</title>
     <description>Chỉnh nha (niềng răng) là một trong những phương pháp chỉnh răng thẩm mỹ được khá nhiều người chọn lựa để làm đẹp hơn cho khuôn mặt và nụ cười.</description>
     <ror:updatePeriod></ror:updatePeriod>
     <ror:sortOrder>2</ror:sortOrder>
     <ror:resourceOf>sitemap</ror:resourceOf>
</item>
<item>
     <link>http://nhakhoaapple.com/tag/chinh-nha/</link>
     <title>
chỉnh nha Archives - NHA KHOA APPLE</title>
     <description>
chỉnh nha Archives - NHA KHOA APPLE</description>
     <ror:updatePeriod></ror:updatePeriod>
     <ror:sortOrder>2</ror:sortOrder>
     <ror:resourceOf>sitemap</ror:resourceOf>
</item>
<item>
     <link>http://nhakhoaapple.com/tag/nieng-rang-va-nhung-luu-y-khi-cham-soc-tai-gia/</link>
     <title>
Niềng răng và những lưu ý khi chăm sóc tại gia Archives - NHA KHOA APPLE</title>
     <description>
Niềng răng và những lưu ý khi chăm sóc tại gia Archives - NHA KHOA APPLE</description>
     <ror:updatePeriod></ror:updatePeriod>
     <ror:sortOrder>2</ror:sortOrder>
     <ror:resourceOf>sitemap</ror:resourceOf>
</item>
<item>
     <link>http://nhakhoaapple.com/quy-trinh-trong-rang-su/</link>
     <title>
Quy trình trồng răng sứ</title>
     <description>Nha khoa Apple sẽ chia sẻ với bạn quy trình trồng răng sứ giúp bạn hiểu rõ hơn quy trình trồng răng sứ như thế nào</description>
     <ror:updatePeriod></ror:updatePeriod>
     <ror:sortOrder>2</ror:sortOrder>
     <ror:resourceOf>sitemap</ror:resourceOf>
</item>
<item>
     <link>http://nhakhoaapple.com/tag/quy-trinh-trong-rang-su/</link>
     <title>
Quy trình trồng răng sứ Archives - NHA KHOA APPLE</title>
     <description>
Quy trình trồng răng sứ Archives - NHA KHOA APPLE</description>
     <ror:updatePeriod></ror:updatePeriod>
     <ror:sortOrder>2</ror:sortOrder>
     <ror:resourceOf>sitemap</ror:resourceOf>
</item>
<item>
     <link>http://nhakhoaapple.com/rung-minh-truoc-nhung-can-benh-rang-mieng-dang-so/</link>
     <title>
Rùng mình trước những căn bệnh răng miệng đáng sợ</title>
     <description>Ai cũng có nguy cơ mắc các bệnh răng miệng: sâu răng, viêm tủy răng, viêm nướu, viêm quanh răng…Vì vậy chăm sóc xử trí như nào cho đúng là rất quan trọng.</description>
     <ror:updatePeriod></ror:updatePeriod>
     <ror:sortOrder>2</ror:sortOrder>
     <ror:resourceOf>sitemap</ror:resourceOf>
</item>
<item>
     <link>http://nhakhoaapple.com/tag/benh-rang-mieng/</link>
     <title>
bệnh răng miệng Archives - NHA KHOA APPLE</title>
     <description>
bệnh răng miệng Archives - NHA KHOA APPLE</description>
     <ror:updatePeriod></ror:updatePeriod>
     <ror:sortOrder>2</ror:sortOrder>
     <ror:resourceOf>sitemap</ror:resourceOf>
</item>
<item>
     <link>http://nhakhoaapple.com/chang-boi-ban-duoc-boa-nua-ty-vi-ham-rang-qua-xau/</link>
     <title>
Chàng bồi bàn được boa nửa tỷ vì hàm răng quá xấu</title>
     <description>Một anh bồi bàn tại nhà hàng đã may mắn nhận được một khoản tiền boa khá lớn nhờ thái độ thân thiện và hàm răng không mấy đẹp đẽ của mình.</description>
     <ror:updatePeriod></ror:updatePeriod>
     <ror:sortOrder>2</ror:sortOrder>
     <ror:resourceOf>sitemap</ror:resourceOf>
</item>
<item>
     <link>http://nhakhoaapple.com/cach-dieu-tri-benh-nha-chu-hieu-qua/</link>
     <title>
Cách điều trị bệnh nha chu hiệu quả</title>
     <description>Đâu là cách điều trị bệnh nha chu hiệu quả? Cùng đi tìm câu trả lời cho vấn đề này thông qua bài viết dưới đây.</description>
     <ror:updatePeriod></ror:updatePeriod>
     <ror:sortOrder>2</ror:sortOrder>
     <ror:resourceOf>sitemap</ror:resourceOf>
</item>
<item>
     <link>http://nhakhoaapple.com/tag/cach-dieu-tri-benh-nha-chu/</link>
     <title>
Cách điều trị bệnh nha chu Archives - NHA KHOA APPLE</title>
     <description>
Cách điều trị bệnh nha chu Archives - NHA KHOA APPLE</description>
     <ror:updatePeriod></ror:updatePeriod>
     <ror:sortOrder>2</ror:sortOrder>
     <ror:resourceOf>sitemap</ror:resourceOf>
</item>
<item>
     <link>http://nhakhoaapple.com/tag/cach-dieu-tri-benh-nha-chu-hieu-qua/</link>
     <title>
Cách điều trị bệnh nha chu hiệu quả Archives - NHA KHOA APPLE</title>
     <description>
Cách điều trị bệnh nha chu hiệu quả Archives - NHA KHOA APPLE</description>
     <ror:updatePeriod></ror:updatePeriod>
     <ror:sortOrder>2</ror:sortOrder>
     <ror:resourceOf>sitemap</ror:resourceOf>
</item>
<item>
     <link>http://nhakhoaapple.com/trong-rang-su-gia-bao-nhieu/</link>
     <title>
Trồng răng sứ giá bao nhiêu?</title>
     <description>Trồng răng sứ giá bao nhiêu …? Độ bền răng sứ thế nào? Lưu ý gì khi trồng răng sứ - là những câu hỏi được nhiều người quan tâm khi quyết định trồng răng</description>
     <ror:updatePeriod></ror:updatePeriod>
     <ror:sortOrder>2</ror:sortOrder>
     <ror:resourceOf>sitemap</ror:resourceOf>
</item>
<item>
     <link>http://nhakhoaapple.com/tag/bang-gia-trong-rang-su/</link>
     <title>
bảng giá trồng răng sứ Archives - NHA KHOA APPLE</title>
     <description>
bảng giá trồng răng sứ Archives - NHA KHOA APPLE</description>
     <ror:updatePeriod></ror:updatePeriod>
     <ror:sortOrder>2</ror:sortOrder>
     <ror:resourceOf>sitemap</ror:resourceOf>
</item>
<item>
     <link>http://nhakhoaapple.com/tag/trong-rang-su-gia-bao-nhieu/</link>
     <title>
Trồng răng sứ giá bao nhiêu? Archives - NHA KHOA APPLE</title>
     <description>
Trồng răng sứ giá bao nhiêu? Archives - NHA KHOA APPLE</description>
     <ror:updatePeriod></ror:updatePeriod>
     <ror:sortOrder>2</ror:sortOrder>
     <ror:resourceOf>sitemap</ror:resourceOf>
</item>
<item>
     <link>http://nhakhoaapple.com/nhung-luu-y-khi-trong-rang-su/</link>
     <title>
Những lưu ý khi trồng răng sứ</title>
     <description>Để kết quả trồng răng sứ được hiệu quả nhất có thể, ngoài việc quan tâm đến độ bền của răng sứ thì vẫn có 1 vài lưu ý khác cần phải biết.</description>
     <ror:updatePeriod></ror:updatePeriod>
     <ror:sortOrder>2</ror:sortOrder>
     <ror:resourceOf>sitemap</ror:resourceOf>
</item>
<item>
     <link>http://nhakhoaapple.com/tag/nhung-luu-y-khi-trong-rang-su/</link>
     <title>
Những lưu ý khi trồng răng sứ Archives - NHA KHOA APPLE</title>
     <description>
Những lưu ý khi trồng răng sứ Archives - NHA KHOA APPLE</description>
     <ror:updatePeriod></ror:updatePeriod>
     <ror:sortOrder>2</ror:sortOrder>
     <ror:resourceOf>sitemap</ror:resourceOf>
</item>
<item>
     <link>http://nhakhoaapple.com/tag/rang-su-va-nhung-dieu-can-luu-y/</link>
     <title>
răng sứ và những điều cần lưu ý Archives - NHA KHOA APPLE</title>
     <description>
răng sứ và những điều cần lưu ý Archives - NHA KHOA APPLE</description>
     <ror:updatePeriod></ror:updatePeriod>
     <ror:sortOrder>2</ror:sortOrder>
     <ror:resourceOf>sitemap</ror:resourceOf>
</item>
<item>
     <link>http://nhakhoaapple.com/cay-ghep-implant-la-gi/</link>
     <title>
Cấy Ghép Implant Là Gì?</title>
     <description>Để được cấy ghép implant, bạn cần có mô nướu khoẻ mạnh, đủ xương hàm để nâng đỡ implant. Bạn còn phải luôn giữ cho những cấu trúc này được khoẻ mạnh.</description>
     <ror:updatePeriod></ror:updatePeriod>
     <ror:sortOrder>2</ror:sortOrder>
     <ror:resourceOf>sitemap</ror:resourceOf>
</item>
<item>
     <link>http://nhakhoaapple.com/tag/cay-ghep-implant-la-gi/</link>
     <title>
cấy ghép Implant là gì? Archives - NHA KHOA APPLE</title>
     <description>
cấy ghép Implant là gì? Archives - NHA KHOA APPLE</description>
     <ror:updatePeriod></ror:updatePeriod>
     <ror:sortOrder>2</ror:sortOrder>
     <ror:resourceOf>sitemap</ror:resourceOf>
</item>
<item>
     <link>http://nhakhoaapple.com/tag/impalnt/</link>
     <title>
Impalnt Archives - NHA KHOA APPLE</title>
     <description>
Impalnt Archives - NHA KHOA APPLE</description>
     <ror:updatePeriod></ror:updatePeriod>
     <ror:sortOrder>2</ror:sortOrder>
     <ror:resourceOf>sitemap</ror:resourceOf>
</item>
<item>
     <link>http://nhakhoaapple.com/do-ben-cua-rang-su-tham-my/</link>
     <title>
Độ bền của răng sứ thẩm mỹ</title>
     <description>Có 2 yếu tố quan trọng quyết định đến độ bền của răng sứ thẩm mỹ đó là cùi răng sau khi mài và loại răng sứ mà bạn lựa chọn để phục hình</description>
     <ror:updatePeriod></ror:updatePeriod>
     <ror:sortOrder>2</ror:sortOrder>
     <ror:resourceOf>sitemap</ror:resourceOf>
</item>
<item>
     <link>http://nhakhoaapple.com/tag/do-ben-cua-rang-su-tham-my/</link>
     <title>
Độ bền của răng sứ thẩm mỹ Archives - NHA KHOA APPLE</title>
     <description>
Độ bền của răng sứ thẩm mỹ Archives - NHA KHOA APPLE</description>
     <ror:updatePeriod></ror:updatePeriod>
     <ror:sortOrder>2</ror:sortOrder>
     <ror:resourceOf>sitemap</ror:resourceOf>
</item>
<item>
     <link>http://nhakhoaapple.com/tag/rang-su-tham-my-co-tot-khong/</link>
     <title>
răng sứ thẩm mỹ có tốt không Archives - NHA KHOA APPLE</title>
     <description>
răng sứ thẩm mỹ có tốt không Archives - NHA KHOA APPLE</description>
     <ror:updatePeriod></ror:updatePeriod>
     <ror:sortOrder>2</ror:sortOrder>
     <ror:resourceOf>sitemap</ror:resourceOf>
</item>
<item>
     <link>http://nhakhoaapple.com/khi-nao-nen-trong-rang-su/</link>
     <title>
Khi nào nên trồng răng sứ?</title>
     <description>Trồng răng sứ là phương pháp đơn giản tối ưu giúp bạn khắc phục những khuyết điểm của hàm răng khiến bạn mất tự tin trong cuộc sống.</description>
     <ror:updatePeriod></ror:updatePeriod>
     <ror:sortOrder>2</ror:sortOrder>
     <ror:resourceOf>sitemap</ror:resourceOf>
</item>
<item>
     <link>http://nhakhoaapple.com/tag/khi-nao-nen-trong-rang-su/</link>
     <title>
Khi nào nên trồng răng sứ? Archives - NHA KHOA APPLE</title>
     <description>
Khi nào nên trồng răng sứ? Archives - NHA KHOA APPLE</description>
     <ror:updatePeriod></ror:updatePeriod>
     <ror:sortOrder>2</ror:sortOrder>
     <ror:resourceOf>sitemap</ror:resourceOf>
</item>
<item>
     <link>http://nhakhoaapple.com/tag/rang-su/</link>
     <title>
răng sứ Archives - NHA KHOA APPLE</title>
     <description>
răng sứ Archives - NHA KHOA APPLE</description>
     <ror:updatePeriod></ror:updatePeriod>
     <ror:sortOrder>2</ror:sortOrder>
     <ror:resourceOf>sitemap</ror:resourceOf>
</item>
<item>
     <link>http://nhakhoaapple.com/tag/rang-su-tham-my/</link>
     <title>
răng sứ thẩm mỹ Archives - NHA KHOA APPLE</title>
     <description>
răng sứ thẩm mỹ Archives - NHA KHOA APPLE</description>
     <ror:updatePeriod></ror:updatePeriod>
     <ror:sortOrder>2</ror:sortOrder>
     <ror:resourceOf>sitemap</ror:resourceOf>
</item>
<item>
     <link>http://nhakhoaapple.com/tri-an-khach-hang-nhan-dip-le-0209/</link>
     <title>
Tri ân khách hàng nhân dịp lễ 02/09</title>
     <description>Không khí vui tươi, rộn ràng của đại lễ Đất Nước đang cận kề, hòa chung niềm hân hoan ấy, nha khoa Apple chúng tôi muốn gửi lời tri ân</description>
     <ror:updatePeriod></ror:updatePeriod>
     <ror:sortOrder>2</ror:sortOrder>
     <ror:resourceOf>sitemap</ror:resourceOf>
</item>
<item>
     <link>http://nhakhoaapple.com/tag/tri-an-khach-hang-nhan-dip-le-0209/</link>
     <title>
Tri ân khách hàng nhân dịp lễ 02/09 Archives - NHA KHOA APPLE</title>
     <description>
Tri ân khách hàng nhân dịp lễ 02/09 Archives - NHA KHOA APPLE</description>
     <ror:updatePeriod></ror:updatePeriod>
     <ror:sortOrder>2</ror:sortOrder>
     <ror:resourceOf>sitemap</ror:resourceOf>
</item>
<item>
     <link>http://nhakhoaapple.com/nhung-hau-qua-khon-luong-cua-viem-nha-chu/</link>
     <title>
Những hậu quả khôn lường của viêm nha chu</title>
     <description>Viêm nha chu là tình trạng nhiễm trùng bắt đầu từ nướu lan dần xuống các cấu trúc bên dưới của mô nha chu</description>
     <ror:updatePeriod></ror:updatePeriod>
     <ror:sortOrder>2</ror:sortOrder>
     <ror:resourceOf>sitemap</ror:resourceOf>
</item>
<item>
     <link>http://nhakhoaapple.com/tag/nhung-hau-qua-khon-luong-cua-viem-nha-chu/</link>
     <title>
Những hậu quả khôn lường của viêm nha chu Archives - NHA KHOA APPLE</title>
     <description>
Những hậu quả khôn lường của viêm nha chu Archives - NHA KHOA APPLE</description>
     <ror:updatePeriod></ror:updatePeriod>
     <ror:sortOrder>2</ror:sortOrder>
     <ror:resourceOf>sitemap</ror:resourceOf>
</item>
<item>
     <link>http://nhakhoaapple.com/tag/tri-benh-viem-nha-chu/</link>
     <title>
trị bệnh viêm nha chu Archives - NHA KHOA APPLE</title>
     <description>
trị bệnh viêm nha chu Archives - NHA KHOA APPLE</description>
     <ror:updatePeriod></ror:updatePeriod>
     <ror:sortOrder>2</ror:sortOrder>
     <ror:resourceOf>sitemap</ror:resourceOf>
</item>
<item>
     <link>http://nhakhoaapple.com/tri-hoi-mieng-dung-cach/</link>
     <title>
Trị hôi miệng đúng cách</title>
     <description>Trị hôi miệng không khó. Cái khó là ở chỗ bạn phải biết nguyên nhân gây hôi miệng và từ đó có cách trị hôi miệng đúng cách và hiệu quả</description>
     <ror:updatePeriod></ror:updatePeriod>
     <ror:sortOrder>2</ror:sortOrder>
     <ror:resourceOf>sitemap</ror:resourceOf>
</item>
<item>
     <link>http://nhakhoaapple.com/tag/chua-benh-hoi-mieng/</link>
     <title>
chữa bệnh hôi miệng Archives - NHA KHOA APPLE</title>
     <description>
chữa bệnh hôi miệng Archives - NHA KHOA APPLE</description>
     <ror:updatePeriod></ror:updatePeriod>
     <ror:sortOrder>2</ror:sortOrder>
     <ror:resourceOf>sitemap</ror:resourceOf>
</item>
<item>
     <link>http://nhakhoaapple.com/tag/tri-hoi-mieng-dung-cach/</link>
     <title>
trị hôi miệng đúng cách Archives - NHA KHOA APPLE</title>
     <description>
trị hôi miệng đúng cách Archives - NHA KHOA APPLE</description>
     <ror:updatePeriod></ror:updatePeriod>
     <ror:sortOrder>2</ror:sortOrder>
     <ror:resourceOf>sitemap</ror:resourceOf>
</item>
<item>
     <link>http://nhakhoaapple.com/tag/tri-hoi-mieng-hieu-qua/</link>
     <title>
trị hôi miệng hiệu quả Archives - NHA KHOA APPLE</title>
     <description>
trị hôi miệng hiệu quả Archives - NHA KHOA APPLE</description>
     <ror:updatePeriod></ror:updatePeriod>
     <ror:sortOrder>2</ror:sortOrder>
     <ror:resourceOf>sitemap</ror:resourceOf>
</item>
<item>
     <link>http://nhakhoaapple.com/khi-nao-nho-rang-khon/</link>
     <title>
Khi nào nên nhổ răng khôn?</title>
     <description>Thời điểm nhổ răng khôn tốt nhất là từ 18 đến 25 tuổi, khi chân răng hình thành được 2/3. Trên 35 tuổi phải phẫu thuật để nhổ răng khôn sẽ gặp khó khăn.</description>
     <ror:updatePeriod></ror:updatePeriod>
     <ror:sortOrder>2</ror:sortOrder>
     <ror:resourceOf>sitemap</ror:resourceOf>
</item>
<item>
     <link>http://nhakhoaapple.com/nan-chinh-rang/</link>
     <title>
Nắn chỉnh răng - Hiệu quả , thẩm mỹ mang lại hàm răng đẹp</title>
     <description>Nắn chỉnh răng - Hiệu quả , thẩm mỹ mang lại hàm răng đẹp</description>
     <ror:updatePeriod></ror:updatePeriod>
     <ror:sortOrder>2</ror:sortOrder>
     <ror:resourceOf>sitemap</ror:resourceOf>
</item>
<item>
     <link>http://nhakhoaapple.com/11-meo-lam-trang-rang-tu-nhien/</link>
     <title>
11 Mẹo làm trắng răng tự nhiên</title>
     <description>Ngày nay, rất nhiều phương pháp làm trắng răng tại nhà được bày bán trong các hiệu thuốc hay cửa hàng tạp hoá.</description>
     <ror:updatePeriod></ror:updatePeriod>
     <ror:sortOrder>2</ror:sortOrder>
     <ror:resourceOf>sitemap</ror:resourceOf>
</item>
<item>
     <link>http://nhakhoaapple.com/tag/trang-rang-tu-nhien/</link>
     <title>
trắng răng tự nhiên Archives - NHA KHOA APPLE</title>
     <description>
trắng răng tự nhiên Archives - NHA KHOA APPLE</description>
     <ror:updatePeriod></ror:updatePeriod>
     <ror:sortOrder>2</ror:sortOrder>
     <ror:resourceOf>sitemap</ror:resourceOf>
</item>
<item>
     <link>http://nhakhoaapple.com/danh-rang-dung-cach-de-ngua-sau-an-rang/</link>
     <title>
Đánh răng đúng cách để ngừa sâu &amp;quot;ăn&amp;quot; răng</title>
     <description>Hàng ngày, đánh răng đúng cách với kem đánh răng có chứa chất fluor và canxi sau bữa ăn sáng và tối giúp giảm nguy cơ sâu răng rất cao.</description>
     <ror:updatePeriod></ror:updatePeriod>
     <ror:sortOrder>2</ror:sortOrder>
     <ror:resourceOf>sitemap</ror:resourceOf>
</item>
<item>
     <link>http://nhakhoaapple.com/tag/chai-rang-dung-cach/</link>
     <title>
chải răng đúng cách Archives - NHA KHOA APPLE</title>
     <description>
chải răng đúng cách Archives - NHA KHOA APPLE</description>
     <ror:updatePeriod></ror:updatePeriod>
     <ror:sortOrder>2</ror:sortOrder>
     <ror:resourceOf>sitemap</ror:resourceOf>
</item>
<item>
     <link>http://nhakhoaapple.com/tag/bao-ve-nu-cuoi/</link>
     <title>
bảo vệ nụ cười Archives - NHA KHOA APPLE</title>
     <description>
bảo vệ nụ cười Archives - NHA KHOA APPLE</description>
     <ror:updatePeriod></ror:updatePeriod>
     <ror:sortOrder>2</ror:sortOrder>
     <ror:resourceOf>sitemap</ror:resourceOf>
</item>

<item>
     <link>http://nhakhoaapple.com/cay-ghep-rang-la-gi/</link>
     <title>
Cấy ghép răng là gì ? - NHA KHOA APPLE</title>
     <description>
Cấy ghép răng là gì ? - NHA KHOA APPLE</description>
     <ror:updatePeriod></ror:updatePeriod>
     <ror:sortOrder>3</ror:sortOrder>
     <ror:resourceOf>sitemap</ror:resourceOf>
</item>
<item>
     <link>http://nhakhoaapple.com/dieu-kien-va-quy-trinh-cay-ghep-rang/</link>
     <title>
Điều kiện và quy trình cấy ghép răng? - NHA KHOA APPLE</title>
     <description>
Điều kiện và quy trình cấy ghép răng? - NHA KHOA APPLE</description>
     <ror:updatePeriod></ror:updatePeriod>
     <ror:sortOrder>3</ror:sortOrder>
     <ror:resourceOf>sitemap</ror:resourceOf>
</item>
<item>
     <link>http://nhakhoaapple.com/cham-soc-rang-cay-ghep-nhu-the-nao-thi-hop-ly/</link>
     <title>
Chăm sóc Răng Cấy Ghép như thế nào thì hợp lý?</title>
     <description>Rất nhiều người nghĩ rằng cấy ghép Implant sẽ rất đau và buốt. Sự thật không hẳn là như vậy, cấy ghép Implant được xem là nhẹ...</description>
     <ror:updatePeriod></ror:updatePeriod>
     <ror:sortOrder>3</ror:sortOrder>
     <ror:resourceOf>sitemap</ror:resourceOf>
</item>


<item>
     <link>http://nhakhoaapple.com/doi-ngu-bac-si-gioi-tai-nha-khoa-phu-tho/</link>
     <title>
Đội ngũ bác sĩ giỏi tại Nha Khoa Apple - NHA KHOA APPLE</title>
     <description>
Đội ngũ bác sĩ giỏi tại Nha Khoa Apple - NHA KHOA APPLE</description>
     <ror:updatePeriod></ror:updatePeriod>
     <ror:sortOrder>3</ror:sortOrder>
     <ror:resourceOf>sitemap</ror:resourceOf>
</item>



<item>
     <link>http://nhakhoaapple.com/tag/cham-soc-rang-cay-ghep/</link>
     <title>
chăm sóc răng cấy ghép Archives - NHA KHOA APPLE</title>
     <description>
chăm sóc răng cấy ghép Archives - NHA KHOA APPLE</description>
     <ror:updatePeriod></ror:updatePeriod>
     <ror:sortOrder>3</ror:sortOrder>
     <ror:resourceOf>sitemap</ror:resourceOf>
</item>
<item>
     <link>http://nhakhoaapple.com/category/cay-ghep-rang-implant/</link>
     <title>
cấy ghép răng implant Archives - NHA KHOA APPLE</title>
     <description>
cấy ghép răng implant Archives - NHA KHOA APPLE</description>
     <ror:updatePeriod></ror:updatePeriod>
     <ror:sortOrder>3</ror:sortOrder>
     <ror:resourceOf>sitemap</ror:resourceOf>
</item>
<item>
     <link>http://nhakhoaapple.com/tag/cay-ghep-implant/</link>
     <title>
cấy ghép implant Archives - NHA KHOA APPLE</title>
     <description>
cấy ghép implant Archives - NHA KHOA APPLE</description>
     <ror:updatePeriod></ror:updatePeriod>
     <ror:sortOrder>4</ror:sortOrder>
     <ror:resourceOf>sitemap</ror:resourceOf>
</item>
<item>
     <link>http://nhakhoaapple.com/tag/nha-khoa-cay-ghep-implant/</link>
     <title>
nha khoa cấy ghép implant Archives - NHA KHOA APPLE</title>
     <description>
nha khoa cấy ghép implant Archives - NHA KHOA APPLE</description>
     <ror:updatePeriod></ror:updatePeriod>
     <ror:sortOrder>4</ror:sortOrder>
     <ror:resourceOf>sitemap</ror:resourceOf>
</item>




<item>
     <link>http://nhakhoaapple.com/category/implant-en/</link>
     <title>
implant @en Archives - NHA KHOA APPLE</title>
     <description>
implant @en Archives - NHA KHOA APPLE</description>
     <ror:updatePeriod></ror:updatePeriod>
     <ror:sortOrder>4</ror:sortOrder>
     <ror:resourceOf>sitemap</ror:resourceOf>
</item>
<item>
     <link>http://nhakhoaapple.com/11-meo-lam-trang-rang-tu-nhien-2/</link>
     <title>
11 MẸO LÀM TRẮNG RĂNG TỰ NHIÊN - NHA KHOA APPLE</title>
     <description>
11 MẸO LÀM TRẮNG RĂNG TỰ NHIÊN - NHA KHOA APPLE</description>
     <ror:updatePeriod></ror:updatePeriod>
     <ror:sortOrder>4</ror:sortOrder>
     <ror:resourceOf>sitemap</ror:resourceOf>
</item>

<item>
     <link>http://nhakhoaapple.com/author/songle/page/6/</link>
     <title>
Nha Khoa Apple, Author at NHA KHOA APPLE - Page 6 of 10</title>
     <description>
Nha Khoa Apple, Author at NHA KHOA APPLE - Page 6 of 10</description>
     <ror:updatePeriod></ror:updatePeriod>
     <ror:sortOrder>4</ror:sortOrder>
     <ror:resourceOf>sitemap</ror:resourceOf>
</item>
<item>
     <link>http://nhakhoaapple.com/chai-rang-dung-de-ngua-sau-an-rang-2/</link>
     <title>
CHẢI RĂNG ĐÚNG ĐỂ NGỪA SÂU “ĂN” RĂNG - NHA KHOA APPLE</title>
     <description>
CHẢI RĂNG ĐÚNG ĐỂ NGỪA SÂU “ĂN” RĂNG - NHA KHOA APPLE</description>
     <ror:updatePeriod></ror:updatePeriod>
     <ror:sortOrder>4</ror:sortOrder>
     <ror:resourceOf>sitemap</ror:resourceOf>
</item>
</channel>
</rss>
  